,房屋名称,房屋价格,房屋信息,房屋设施,房屋费用
0,整租·开源阳光城 1室1厅 东南,1400,"['基本信息', '面积：38.58㎡', '朝向：东南', '\xa0', '维护：今天', '入住：2024-05-30', '\xa0', '楼层：高楼层/18层', '电梯：有', '\xa0', '车位：暂无数据', '用水：民水', '\xa0', '用电：民电', '燃气：无', '\xa0', '采暖：自采暖', '租期：暂无数据', '\xa0', '看房：随时可看', '\xa0']","['洗衣机', '空调', '衣柜', '电视', '冰箱', '热水器', '床', '暖气', '宽带', '天然气']","{'付款方式 ': '季付', '租金 ': '1400', '押金 ': '1400', '服务费 ': '需咨询', '中介费 ': '0'}"
1,整租·天瑞国际酒店公寓 1室1厅 东/西,2050,"['基本信息', '面积：49.57㎡', '朝向：东 西', '\xa0', '维护：今天', '入住：随时入住', '\xa0', '楼层：中楼层/31层', '电梯：有', '\xa0', '车位：暂无数据', '用水：商水', '\xa0', '用电：商电', '燃气：无', '\xa0', '采暖：自采暖', '租期：暂无数据', '\xa0', '看房：随时可看', '\xa0']","['洗衣机', '空调', '衣柜', '电视', '冰箱', '热水器', '床', '暖气', '宽带', '天然气']","{'付款方式 ': '季付', '租金 ': '2050', '押金 ': '2050', '服务费 ': '需咨询', '中介费 ': '0'}"
2,整租·东原乐见城三期 3室1厅 南,2300,"['基本信息', '面积：92.30㎡', '朝向：南', '\xa0', '维护：今天', '入住：2024-05-29', '\xa0', '楼层：高楼层/27层', '电梯：有', '\xa0', '车位：暂无数据', '用水：民水', '\xa0', '用电：民电', '燃气：有', '\xa0', '采暖：自采暖', '租期：暂无数据', '\xa0', '看房：随时可看', '\xa0']","['洗衣机', '空调', '衣柜', '电视', '冰箱', '热水器', '床', '暖气', '宽带', '天然气']","{'付款方式 ': '季付', '租金 ': '2300', '押金 ': '2300', '服务费 ': '需咨询', '中介费 ': '0'}"
3,整租·紫荆嘉苑 2室1厅 南,1900,"['基本信息', '面积：70.88㎡', '朝向：南', '\xa0', '维护：1天前', '入住：随时入住', '\xa0', '楼层：中楼层/33层', '电梯：有', '\xa0', '车位：暂无数据', '用水：民水', '\xa0', '用电：民电', '燃气：有', '\xa0', '采暖：自采暖', '租期：暂无数据', '\xa0', '看房：需提前预约', '\xa0']","['洗衣机', '空调', '衣柜', '电视', '冰箱', '热水器', '床', '暖气', '宽带', '天然气']","{'付款方式 ': '季付', '租金 ': '1900', '押金 ': '1900', '服务费 ': '0', '中介费 ': '需咨询'}"
4,整租·祥和社区 2室1厅 南,1600,"['基本信息', '面积：56.50㎡', '朝向：南', '\xa0', '维护：6天前', '入住：随时入住', '\xa0', '楼层：中楼层/11层', '电梯：有', '\xa0', '车位：暂无数据', '用水：民水', '\xa0', '用电：民电', '燃气：有', '\xa0', '采暖：自采暖', '租期：暂无数据', '\xa0', '看房：需提前预约', '\xa0']","['洗衣机', '空调', '衣柜', '电视', '冰箱', '热水器', '床', '暖气', '宽带', '天然气']","{'付款方式 ': '季付', '租金 ': '1600', '押金 ': '1600', '服务费 ': '0', '中介费 ': '需咨询'}"
5,整租·万景国际 2室1厅 南,3200,"['基本信息', '面积：88.45㎡', '朝向：南', '\xa0', '维护：今天', '入住：随时入住', '\xa0', '楼层：中楼层/30层', '电梯：有', '\xa0', '车位：暂无数据', '用水：民水', '\xa0', '用电：民电', '燃气：无', '\xa0', '采暖：自采暖', '租期：1年以内', '\xa0', '看房：需提前预约', '\xa0']","['洗衣机', '空调', '衣柜', '电视', '冰箱', '热水器', '床', '暖气', '宽带', '天然气']","{'付款方式 ': '季付', '租金 ': '3200', '押金 ': '3200', '服务费 ': '0', '中介费 ': '需咨询'}"
6,整租·保利城三期 3室2厅 东南,2500,"['基本信息', '面积：92.17㎡', '朝向：东南', '\xa0', '维护：今天', '入住：随时入住', '\xa0', '楼层：高楼层/29层', '电梯：有', '\xa0', '车位：暂无数据', '用水：民水', '\xa0', '用电：民电', '燃气：有', '\xa0', '采暖：自采暖', '租期：暂无数据', '\xa0', '看房：需提前预约', '\xa0']","['洗衣机', '空调', '衣柜', '电视', '冰箱', '热水器', '床', '暖气', '宽带', '天然气']","{'付款方式 ': '季付', '租金 ': '2500', '押金 ': '2500', '服务费 ': '0', '中介费 ': '需咨询'}"
7,整租·农业银行宿舍 2室1厅 东,1800,"['基本信息', '面积：70.00㎡', '朝向：东', '\xa0', '维护：2天前', '入住：随时入住', '\xa0', '楼层：高楼层/8层', '电梯：无', '\xa0', '车位：暂无数据', '用水：暂无数据', '\xa0', '用电：暂无数据', '燃气：有', '\xa0', '采暖：自采暖', '租期：1年以内', '\xa0', '看房：需提前预约', '\xa0']","['洗衣机', '空调', '衣柜', '电视', '冰箱', '热水器', '床', '暖气', '宽带', '天然气']","{'付款方式 ': '季付', '租金 ': '1800', '押金 ': '1800', '服务费 ': '0', '中介费 ': '需咨询'}"
8,整租·晋合金桥世家 2室2厅 南,3300,"['基本信息', '面积：95.88㎡', '朝向：南', '\xa0', '维护：10天前', '入住：随时入住', '\xa0', '楼层：高楼层/33层', '电梯：有', '\xa0', '车位：暂无数据', '用水：民水', '\xa0', '用电：民电', '燃气：有', '\xa0', '采暖：自采暖', '租期：1年以内', '\xa0', '看房：需提前预约', '\xa0']","['洗衣机', '空调', '衣柜', '电视', '冰箱', '热水器', '床', '暖气', '宽带', '天然气']","{'付款方式 ': '季付', '租金 ': '3300', '押金 ': '3300', '服务费 ': '0', '中介费 ': '需咨询'}"
9,整租·星悦城华廷 3室2厅 南,2000,"['基本信息', '面积：92.97㎡', '朝向：南', '\xa0', '维护：5天前', '入住：随时入住', '\xa0', '楼层：低楼层/34层', '电梯：有', '\xa0', '车位：暂无数据', '用水：民水', '\xa0', '用电：民电', '燃气：有', '\xa0', '采暖：自采暖', '租期：暂无数据', '\xa0', '看房：需提前预约', '\xa0']","['洗衣机', '空调', '衣柜', '电视', '冰箱', '热水器', '床', '暖气', '宽带', '天然气']","{'付款方式 ': '季付', '租金 ': '2000', '押金 ': '2000', '服务费 ': '0', '中介费 ': '需咨询'}"
10,整租·福星惠誉东湖城 3室1厅 南,2200,"['基本信息', '面积：82.29㎡', '朝向：南', '\xa0', '维护：2天前', '入住：随时入住', '\xa0', '楼层：高楼层/33层', '电梯：有', '\xa0', '车位：暂无数据', '用水：民水', '\xa0', '用电：民电', '燃气：有', '\xa0', '采暖：自采暖', '租期：暂无数据', '\xa0', '看房：需提前预约', '\xa0']","['洗衣机', '空调', '衣柜', '电视', '冰箱', '热水器', '床', '暖气', '宽带', '天然气']","{'付款方式 ': '需咨询', '租金 ': '2200', '押金 ': '2200', '服务费 ': '0', '中介费 ': '需咨询'}"
11,合租·福星惠誉东湖城二期 5居室 北卧,690,"['基本信息', '面积：7.65㎡', '朝向：北', '\xa0', '维护：1天前', '入住：随时入住', '\xa0', '楼层：3/32层', '电梯：有', '\xa0', '车位：租用车位', '用水：民水', '\xa0', '用电：民电', '燃气：有', '\xa0', '采暖：暂无数据', '租期：2~24个月', '咨询租期 \xa0', '看房：随时可看', '咨询看房 \xa0']","['洗衣机', '空调', '衣柜', '电视', '冰箱', '热水器', '床', '暖气', '宽带', '天然气']","{'付款方式 ': '月付', '租金 ': '724', '押金 ': '724', '服务费 ': '72.4', '中介费 ': '0'}"
12,整租·万科新世纪翡翠滨江三期 4室2厅 南,5000,"['基本信息', '面积：132.00㎡', '朝向：南', '\xa0', '维护：3天前', '入住：随时入住', '\xa0', '楼层：高楼层/25层', '电梯：有', '\xa0', '车位：暂无数据', '用水：民水', '\xa0', '用电：民电', '燃气：有', '\xa0', '采暖：暂无数据', '租期：1年以内', '\xa0', '看房：需提前预约', '\xa0']","['洗衣机', '空调', '衣柜', '电视', '冰箱', '热水器', '床', '暖气', '宽带', '天然气']","{'付款方式 ': '季付', '租金 ': '5000', '押金 ': '5000', '服务费 ': '0', '中介费 ': '需咨询'}"
13,合租·楚天都市雅园 3居室 北卧,890,"['基本信息', '面积：8.00㎡', '朝向：北', '\xa0', '维护：今天', '入住：随时入住', '\xa0', '楼层：18/40层', '电梯：有', '\xa0', '车位：租用车位', '用水：民水', '\xa0', '用电：民电', '燃气：有', '\xa0', '采暖：暂无数据', '租期：1~2年', '咨询租期 \xa0', '看房：随时可看', '咨询看房 \xa0']","['洗衣机', '空调', '衣柜', '电视', '冰箱', '热水器', '床', '暖气', '宽带', '天然气']","{'付款方式 ': '月付', '租金 ': '934', '押金 ': '934', '服务费 ': '93.4', '中介费 ': '0'}"
14,合租·中建大公馆一期 4居室 南卧,1960,"['基本信息', '面积：16.50㎡', '朝向：南', '\xa0', '维护：3天前', '入住：2024-05-31', '\xa0', '楼层：42/48层', '电梯：有', '\xa0', '车位：租用车位', '用水：民水', '\xa0', '用电：民电', '燃气：有', '\xa0', '采暖：暂无数据', '租期：1年', '咨询租期 \xa0', '看房：需提前预约', '咨询看房 \xa0']","['洗衣机', '空调', '衣柜', '电视', '冰箱', '热水器', '床', '暖气', '宽带', '天然气']","{'付款方式 ': '月付', '租金 ': '2058', '押金 ': '2058', '服务费 ': '205.8', '中介费 ': '0'}"
15,合租·清江山水 3居室 南卧,1390,"['基本信息', '面积：12.90㎡', '朝向：南', '\xa0', '维护：今天', '入住：2024-06-08', '\xa0', '楼层：10/11层', '电梯：有', '\xa0', '车位：租用车位', '用水：民水', '\xa0', '用电：民电', '燃气：有', '\xa0', '采暖：暂无数据', '租期：1~2年', '咨询租期 \xa0', '看房：需提前预约', '咨询看房 \xa0']","['洗衣机', '空调', '衣柜', '电视', '冰箱', '热水器', '床', '暖气', '宽带', '天然气']","{'付款方式 ': '月付', '租金 ': '1459', '押金 ': '1459', '服务费 ': '145.9', '中介费 ': '0'}"
16,合租·清江山水 3居室 南卧,1360,"['基本信息', '面积：12.80㎡', '朝向：南', '\xa0', '维护：今天', '入住：随时入住', '\xa0', '楼层：4/11层', '电梯：有', '\xa0', '车位：租用车位', '用水：民水', '\xa0', '用电：民电', '燃气：有', '\xa0', '采暖：暂无数据', '租期：1年', '咨询租期 \xa0', '看房：随时可看', '咨询看房 \xa0']","['洗衣机', '空调', '衣柜', '电视', '冰箱', '热水器', '床', '暖气', '宽带', '天然气']","{'付款方式 ': '月付', '租金 ': '1428', '押金 ': '1428', '服务费 ': '142.8', '中介费 ': '0'}"
17,合租·锦绣龙城 4居室 西卧,860,"['基本信息', '面积：8.23㎡', '朝向：西', '\xa0', '维护：今天', '入住：随时入住', '\xa0', '楼层：4/11层', '电梯：有', '\xa0', '车位：租用车位', '用水：民水', '\xa0', '用电：民电', '燃气：有', '\xa0', '采暖：暂无数据', '租期：1~2年', '咨询租期 \xa0', '看房：随时可看', '咨询看房 \xa0']","['洗衣机', '空调', '衣柜', '电视', '冰箱', '热水器', '床', '暖气', '宽带', '天然气']","{'付款方式 ': '月付', '租金 ': '903', '押金 ': '903', '服务费 ': '90.3', '中介费 ': '0'}"
,房屋名称,房屋价格,房屋信息,房屋设施,房屋费用
0,整租·开源阳光城 1室1厅 东南,1400,"['基本信息', '面积：38.58㎡', '朝向：东南', '\xa0', '维护：今天', '入住：2024-05-30', '\xa0', '楼层：高楼层/18层', '电梯：有', '\xa0', '车位：暂无数据', '用水：民水', '\xa0', '用电：民电', '燃气：无', '\xa0', '采暖：自采暖', '租期：暂无数据', '\xa0', '看房：随时可看', '\xa0']","['洗衣机', '空调', '衣柜', '电视', '冰箱', '热水器', '床', '暖气', '宽带', '天然气']","{'付款方式 ': '季付', '租金 ': '1400', '押金 ': '1400', '服务费 ': '需咨询', '中介费 ': '0'}"
1,整租·光谷汇景 1室1厅 南,2150,"['基本信息', '面积：31.00㎡', '朝向：南', '\xa0', '维护：今天', '入住：随时入住', '\xa0', '楼层：高楼层/32层', '电梯：有', '\xa0', '车位：暂无数据', '用水：民水', '\xa0', '用电：民电', '燃气：有', '\xa0', '采暖：自采暖', '租期：暂无数据', '\xa0', '看房：随时可看', '\xa0']","['洗衣机', '空调', '衣柜', '电视', '冰箱', '热水器', '床', '暖气', '宽带', '天然气']","{'付款方式 ': '季付', '租金 ': '2150', '押金 ': '2150', '服务费 ': '需咨询', '中介费 ': '0'}"
2,整租·东原乐见城三期 3室1厅 南,2300,"['基本信息', '面积：92.30㎡', '朝向：南', '\xa0', '维护：今天', '入住：2024-05-29', '\xa0', '楼层：高楼层/27层', '电梯：有', '\xa0', '车位：暂无数据', '用水：民水', '\xa0', '用电：民电', '燃气：有', '\xa0', '采暖：自采暖', '租期：暂无数据', '\xa0', '看房：随时可看', '\xa0']","['洗衣机', '空调', '衣柜', '电视', '冰箱', '热水器', '床', '暖气', '宽带', '天然气']","{'付款方式 ': '季付', '租金 ': '2300', '押金 ': '2300', '服务费 ': '需咨询', '中介费 ': '0'}"
3,整租·紫荆嘉苑 2室1厅 南,1900,"['基本信息', '面积：70.88㎡', '朝向：南', '\xa0', '维护：1天前', '入住：随时入住', '\xa0', '楼层：中楼层/33层', '电梯：有', '\xa0', '车位：暂无数据', '用水：民水', '\xa0', '用电：民电', '燃气：有', '\xa0', '采暖：自采暖', '租期：暂无数据', '\xa0', '看房：需提前预约', '\xa0']","['洗衣机', '空调', '衣柜', '电视', '冰箱', '热水器', '床', '暖气', '宽带', '天然气']","{'付款方式 ': '季付', '租金 ': '1900', '押金 ': '1900', '服务费 ': '0', '中介费 ': '需咨询'}"
4,整租·祥和社区 2室1厅 南,1600,"['基本信息', '面积：56.50㎡', '朝向：南', '\xa0', '维护：6天前', '入住：随时入住', '\xa0', '楼层：中楼层/11层', '电梯：有', '\xa0', '车位：暂无数据', '用水：民水', '\xa0', '用电：民电', '燃气：有', '\xa0', '采暖：自采暖', '租期：暂无数据', '\xa0', '看房：需提前预约', '\xa0']","['洗衣机', '空调', '衣柜', '电视', '冰箱', '热水器', '床', '暖气', '宽带', '天然气']","{'付款方式 ': '季付', '租金 ': '1600', '押金 ': '1600', '服务费 ': '0', '中介费 ': '需咨询'}"
5,整租·万景国际 2室1厅 南,3200,"['基本信息', '面积：88.45㎡', '朝向：南', '\xa0', '维护：今天', '入住：随时入住', '\xa0', '楼层：中楼层/30层', '电梯：有', '\xa0', '车位：暂无数据', '用水：民水', '\xa0', '用电：民电', '燃气：无', '\xa0', '采暖：自采暖', '租期：1年以内', '\xa0', '看房：需提前预约', '\xa0']","['洗衣机', '空调', '衣柜', '电视', '冰箱', '热水器', '床', '暖气', '宽带', '天然气']","{'付款方式 ': '季付', '租金 ': '3200', '押金 ': '3200', '服务费 ': '0', '中介费 ': '需咨询'}"
6,整租·保利城三期 3室2厅 东南,2500,"['基本信息', '面积：92.17㎡', '朝向：东南', '\xa0', '维护：今天', '入住：随时入住', '\xa0', '楼层：高楼层/29层', '电梯：有', '\xa0', '车位：暂无数据', '用水：民水', '\xa0', '用电：民电', '燃气：有', '\xa0', '采暖：自采暖', '租期：暂无数据', '\xa0', '看房：需提前预约', '\xa0']","['洗衣机', '空调', '衣柜', '电视', '冰箱', '热水器', '床', '暖气', '宽带', '天然气']","{'付款方式 ': '季付', '租金 ': '2500', '押金 ': '2500', '服务费 ': '0', '中介费 ': '需咨询'}"
7,整租·农业银行宿舍 2室1厅 东,1800,"['基本信息', '面积：70.00㎡', '朝向：东', '\xa0', '维护：2天前', '入住：随时入住', '\xa0', '楼层：高楼层/8层', '电梯：无', '\xa0', '车位：暂无数据', '用水：暂无数据', '\xa0', '用电：暂无数据', '燃气：有', '\xa0', '采暖：自采暖', '租期：1年以内', '\xa0', '看房：需提前预约', '\xa0']","['洗衣机', '空调', '衣柜', '电视', '冰箱', '热水器', '床', '暖气', '宽带', '天然气']","{'付款方式 ': '季付', '租金 ': '1800', '押金 ': '1800', '服务费 ': '0', '中介费 ': '需咨询'}"
8,整租·晋合金桥世家 2室2厅 南,3300,"['基本信息', '面积：95.88㎡', '朝向：南', '\xa0', '维护：10天前', '入住：随时入住', '\xa0', '楼层：高楼层/33层', '电梯：有', '\xa0', '车位：暂无数据', '用水：民水', '\xa0', '用电：民电', '燃气：有', '\xa0', '采暖：自采暖', '租期：1年以内', '\xa0', '看房：需提前预约', '\xa0']","['洗衣机', '空调', '衣柜', '电视', '冰箱', '热水器', '床', '暖气', '宽带', '天然气']","{'付款方式 ': '季付', '租金 ': '3300', '押金 ': '3300', '服务费 ': '0', '中介费 ': '需咨询'}"
9,整租·星悦城华廷 3室2厅 南,2000,"['基本信息', '面积：92.97㎡', '朝向：南', '\xa0', '维护：5天前', '入住：随时入住', '\xa0', '楼层：低楼层/34层', '电梯：有', '\xa0', '车位：暂无数据', '用水：民水', '\xa0', '用电：民电', '燃气：有', '\xa0', '采暖：自采暖', '租期：暂无数据', '\xa0', '看房：需提前预约', '\xa0']","['洗衣机', '空调', '衣柜', '电视', '冰箱', '热水器', '床', '暖气', '宽带', '天然气']","{'付款方式 ': '季付', '租金 ': '2000', '押金 ': '2000', '服务费 ': '0', '中介费 ': '需咨询'}"
10,合租·福星惠誉东湖城二期 5居室 北卧,690,"['基本信息', '面积：7.65㎡', '朝向：北', '\xa0', '维护：1天前', '入住：随时入住', '\xa0', '楼层：3/32层', '电梯：有', '\xa0', '车位：租用车位', '用水：民水', '\xa0', '用电：民电', '燃气：有', '\xa0', '采暖：暂无数据', '租期：2~24个月', '咨询租期 \xa0', '看房：随时可看', '咨询看房 \xa0']","['洗衣机', '空调', '衣柜', '电视', '冰箱', '热水器', '床', '暖气', '宽带', '天然气']","{'付款方式 ': '月付', '租金 ': '724', '押金 ': '724', '服务费 ': '72.4', '中介费 ': '0'}"
11,整租·福星惠誉东湖城 3室1厅 南,2200,"['基本信息', '面积：82.29㎡', '朝向：南', '\xa0', '维护：2天前', '入住：随时入住', '\xa0', '楼层：高楼层/33层', '电梯：有', '\xa0', '车位：暂无数据', '用水：民水', '\xa0', '用电：民电', '燃气：有', '\xa0', '采暖：自采暖', '租期：暂无数据', '\xa0', '看房：需提前预约', '\xa0']","['洗衣机', '空调', '衣柜', '电视', '冰箱', '热水器', '床', '暖气', '宽带', '天然气']","{'付款方式 ': '需咨询', '租金 ': '2200', '押金 ': '2200', '服务费 ': '0', '中介费 ': '需咨询'}"
12,合租·楚天都市雅园 3居室 北卧,890,"['基本信息', '面积：8.00㎡', '朝向：北', '\xa0', '维护：今天', '入住：随时入住', '\xa0', '楼层：18/40层', '电梯：有', '\xa0', '车位：租用车位', '用水：民水', '\xa0', '用电：民电', '燃气：有', '\xa0', '采暖：暂无数据', '租期：1~2年', '咨询租期 \xa0', '看房：随时可看', '咨询看房 \xa0']","['洗衣机', '空调', '衣柜', '电视', '冰箱', '热水器', '床', '暖气', '宽带', '天然气']","{'付款方式 ': '月付', '租金 ': '934', '押金 ': '934', '服务费 ': '93.4', '中介费 ': '0'}"
13,整租·万科新世纪翡翠滨江三期 4室2厅 南,5000,"['基本信息', '面积：132.00㎡', '朝向：南', '\xa0', '维护：3天前', '入住：随时入住', '\xa0', '楼层：高楼层/25层', '电梯：有', '\xa0', '车位：暂无数据', '用水：民水', '\xa0', '用电：民电', '燃气：有', '\xa0', '采暖：暂无数据', '租期：1年以内', '\xa0', '看房：需提前预约', '\xa0']","['洗衣机', '空调', '衣柜', '电视', '冰箱', '热水器', '床', '暖气', '宽带', '天然气']","{'付款方式 ': '季付', '租金 ': '5000', '押金 ': '5000', '服务费 ': '0', '中介费 ': '需咨询'}"
14,合租·中建大公馆一期 4居室 南卧,1960,"['基本信息', '面积：16.50㎡', '朝向：南', '\xa0', '维护：3天前', '入住：2024-05-31', '\xa0', '楼层：42/48层', '电梯：有', '\xa0', '车位：租用车位', '用水：民水', '\xa0', '用电：民电', '燃气：有', '\xa0', '采暖：暂无数据', '租期：1年', '咨询租期 \xa0', '看房：需提前预约', '咨询看房 \xa0']","['洗衣机', '空调', '衣柜', '电视', '冰箱', '热水器', '床', '暖气', '宽带', '天然气']","{'付款方式 ': '月付', '租金 ': '2058', '押金 ': '2058', '服务费 ': '205.8', '中介费 ': '0'}"
15,合租·清江山水 3居室 南卧,1390,"['基本信息', '面积：12.90㎡', '朝向：南', '\xa0', '维护：今天', '入住：2024-06-08', '\xa0', '楼层：10/11层', '电梯：有', '\xa0', '车位：租用车位', '用水：民水', '\xa0', '用电：民电', '燃气：有', '\xa0', '采暖：暂无数据', '租期：1~2年', '咨询租期 \xa0', '看房：需提前预约', '咨询看房 \xa0']","['洗衣机', '空调', '衣柜', '电视', '冰箱', '热水器', '床', '暖气', '宽带', '天然气']","{'付款方式 ': '月付', '租金 ': '1459', '押金 ': '1459', '服务费 ': '145.9', '中介费 ': '0'}"
16,合租·金科城 4居室 西北卧,730,"['基本信息', '面积：8.02㎡', '朝向：西北', '\xa0', '维护：2天前', '入住：2024-06-01', '\xa0', '楼层：12/46层', '电梯：有', '\xa0', '车位：暂无数据', '用水：民水', '\xa0', '用电：民电', '燃气：有', '\xa0', '采暖：暂无数据', '租期：1~2年', '咨询租期 \xa0', '看房：需提前预约', '咨询看房 \xa0']","['洗衣机', '空调', '衣柜', '电视', '冰箱', '热水器', '床', '暖气', '宽带', '天然气']","{'付款方式 ': '月付', '租金 ': '766', '押金 ': '766', '服务费 ': '76.6', '中介费 ': '0'}"
17,合租·雅澜苑 4居室 南卧,1030,"['基本信息', '面积：11.70㎡', '朝向：南', '\xa0', '维护：今天', '入住：随时入住', '\xa0', '楼层：32/34层', '电梯：无', '\xa0', '车位：暂无数据', '用水：民水', '\xa0', '用电：民电', '燃气：有', '\xa0', '采暖：暂无数据', '租期：1~2年', '咨询租期 \xa0', '看房：随时可看', '咨询看房 \xa0']","['洗衣机', '空调', '衣柜', '电视', '冰箱', '热水器', '床', '暖气', '宽带', '天然气']","{'付款方式 ': '月付', '租金 ': '1081', '押金 ': '1081', '服务费 ': '108.1', '中介费 ': '0'}"
18,合租·新华明珠 5居室 西南卧,999,"['基本信息', '面积：8.00㎡', '朝向：西南', '\xa0', '维护：今天', '入住：随时入住', '\xa0', '楼层：10/30层', '电梯：有', '\xa0', '车位：暂无数据', '用水：民水', '\xa0', '用电：民电', '燃气：有', '\xa0', '采暖：暂无数据', '租期：2~12个月', '咨询租期 \xa0', '看房：随时可看', '咨询看房 \xa0']","['洗衣机', '空调', '衣柜', '电视', '冰箱', '热水器', '床', '暖气', '宽带', '天然气']","{'付款方式 ': '月付', '租金 ': '1049', '押金 ': '1049', '服务费 ': '104.9', '中介费 ': '0'}"
19,合租·狮城翰园 4居室 南卧,1090,"['基本信息', '面积：9.60㎡', '朝向：南', '\xa0', '维护：今天', '入住：随时入住', '\xa0', '楼层：4/23层', '电梯：有', '\xa0', '车位：租用车位', '用水：民水', '\xa0', '用电：民电', '燃气：有', '\xa0', '采暖：暂无数据', '租期：1~2年', '咨询租期 \xa0', '看房：随时可看', '咨询看房 \xa0']","['洗衣机', '空调', '衣柜', '电视', '冰箱', '热水器', '床', '暖气', '宽带', '天然气']","{'付款方式 ': '月付', '租金 ': '1144', '押金 ': '1144', '服务费 ': '114.4', '中介费 ': '0'}"
20,整租·万达御湖世家行政公馆 1室1厅 南,3900,"['基本信息', '面积：62.85㎡', '朝向：南', '\xa0', '维护：今天', '入住：2024-06-15', '\xa0', '楼层：低楼层/17层', '电梯：有', '\xa0', '车位：暂无数据', '用水：民水', '\xa0', '用电：民电', '燃气：有', '\xa0', '采暖：自采暖', '租期：暂无数据', '\xa0', '看房：随时可看', '\xa0']","['洗衣机', '空调', '衣柜', '电视', '冰箱', '热水器', '床', '暖气', '宽带', '天然气']","{'付款方式 ': '季付', '租金 ': '3900', '押金 ': '3900', '服务费 ': '需咨询', '中介费 ': '0'}"
21,整租·美联奥林匹克花园二期 2室1厅 南,2350,"['基本信息', '面积：61.41㎡', '朝向：南', '\xa0', '维护：今天', '入住：随时入住', '\xa0', '楼层：中楼层/33层', '电梯：有', '\xa0', '车位：暂无数据', '用水：民水', '\xa0', '用电：民电', '燃气：有', '\xa0', '采暖：自采暖', '租期：暂无数据', '\xa0', '看房：随时可看', '\xa0']","['洗衣机', '空调', '衣柜', '电视', '冰箱', '热水器', '床', '暖气', '宽带', '天然气']","{'付款方式 ': '季付', '租金 ': '2350', '押金 ': '2350', '服务费 ': '需咨询', '中介费 ': '0'}"
22,合租·泷悦华府 5居室 南卧,1230,"['基本信息', '面积：16.50㎡', '朝向：南', '\xa0', '维护：今天', '入住：随时入住', '\xa0', '楼层：3/5层', '电梯：无', '\xa0', '车位：租用车位', '用水：民水', '\xa0', '用电：民电', '燃气：有', '\xa0', '采暖：暂无数据', '租期：1~2年', '咨询租期 \xa0', '看房：随时可看', '咨询看房 \xa0']","['洗衣机', '空调', '衣柜', '电视', '冰箱', '热水器', '床', '暖气', '宽带', '天然气']","{'付款方式 ': '月付', '租金 ': '1291', '押金 ': '1291', '服务费 ': '129.1', '中介费 ': '0'}"
23,整租·阳光100大湖第 2室2厅 东南,1900,"['基本信息', '面积：67.73㎡', '朝向：东南', '\xa0', '维护：今天', '入住：随时入住', '\xa0', '楼层：中楼层/26层', '电梯：有', '\xa0', '车位：暂无数据', '用水：民水', '\xa0', '用电：民电', '燃气：有', '\xa0', '采暖：自采暖', '租期：暂无数据', '\xa0', '看房：随时可看', '\xa0']","['洗衣机', '空调', '衣柜', '电视', '冰箱', '热水器', '床', '暖气', '宽带', '天然气']","{'付款方式 ': '季付', '租金 ': '1900', '押金 ': '1900', '服务费 ': '需咨询', '中介费 ': '0'}"
24,合租·泷悦华府 4居室 南卧,1390,"['基本信息', '面积：12.50㎡', '朝向：南', '\xa0', '维护：1天前', '入住：随时入住', '\xa0', '楼层：41/44层', '电梯：有', '\xa0', '车位：租用车位', '用水：民水', '\xa0', '用电：民电', '燃气：有', '\xa0', '采暖：暂无数据', '租期：1~2年', '咨询租期 \xa0', '看房：随时可看', '咨询看房 \xa0']","['洗衣机', '空调', '衣柜', '电视', '冰箱', '热水器', '床', '暖气', '宽带', '天然气']","{'付款方式 ': '月付', '租金 ': '1459', '押金 ': '1459', '服务费 ': '145.9', '中介费 ': '0'}"
25,整租·城投瀚城 2室2厅 南,2700,"['基本信息', '面积：84.45㎡', '朝向：南', '\xa0', '维护：10天前', '入住：随时入住', '\xa0', '楼层：高楼层/11层', '电梯：有', '\xa0', '车位：暂无数据', '用水：民水', '\xa0', '用电：民电', '燃气：有', '\xa0', '采暖：自采暖', '租期：1年以内', '\xa0', '看房：需提前预约', '\xa0']","['洗衣机', '空调', '衣柜', '电视', '冰箱', '热水器', '床', '暖气', '宽带', '天然气']","{'付款方式 ': '季付', '租金 ': '2700', '押金 ': '2700', '服务费 ': '0', '中介费 ': '需咨询'}"
26,合租·万科城花璟苑 4居室 北卧,1060,"['基本信息', '面积：6.50㎡', '朝向：北', '\xa0', '维护：今天', '入住：随时入住', '\xa0', '楼层：33/34层', '电梯：有', '\xa0', '车位：租用车位', '用水：民水', '\xa0', '用电：民电', '燃气：有', '\xa0', '采暖：暂无数据', '租期：1年', '咨询租期 \xa0', '看房：随时可看', '咨询看房 \xa0']","['洗衣机', '空调', '衣柜', '电视', '冰箱', '热水器', '床', '暖气', '宽带', '天然气']","{'付款方式 ': '月付', '租金 ': '1113', '押金 ': '1113', '服务费 ': '111.3', '中介费 ': '0'}"
27,整租·宝业光谷丽都 2室1厅 南,900,"['基本信息', '面积：89.09㎡', '朝向：南', '\xa0', '维护：11天前', '入住：随时入住', '\xa0', '楼层：低楼层/33层', '电梯：有', '\xa0', '车位：暂无数据', '用水：民水', '\xa0', '用电：民电', '燃气：有', '\xa0', '采暖：暂无数据', '租期：1年以内', '\xa0', '看房：需提前预约', '\xa0']","['洗衣机', '空调', '衣柜', '电视', '冰箱', '热水器', '床', '暖气', '宽带', '天然气']","{'付款方式 ': '季付', '租金 ': '900', '押金 ': '900', '服务费 ': '0', '中介费 ': '需咨询'}"
28,合租·旭辉千山凌云二期 4居室 南卧,1730,"['基本信息', '面积：15.36㎡', '朝向：南', '\xa0', '维护：今天', '入住：随时入住', '\xa0', '楼层：45/56层', '电梯：有', '\xa0', '车位：暂无数据', '用水：民水', '\xa0', '用电：民电', '燃气：有', '\xa0', '采暖：暂无数据', '租期：1~2年', '咨询租期 \xa0', '看房：随时可看', '咨询看房 \xa0']","['洗衣机', '空调', '衣柜', '电视', '冰箱', '热水器', '床', '暖气', '宽带', '天然气']","{'付款方式 ': '月付', '租金 ': '1816', '押金 ': '1816', '服务费 ': '181.6', '中介费 ': '0'}"
29,合租·大华铂金瑞府 4居室 北卧,650,"['基本信息', '面积：139.56㎡', '朝向：北', '\xa0', '维护：10天前', '入住：随时入住', '\xa0', '楼层：高楼层/42层', '电梯：有', '\xa0', '车位：暂无数据', '用水：民水', '\xa0', '用电：民电', '燃气：有', '\xa0', '采暖：集中供暖', '租期：1年以内', '\xa0', '看房：需提前预约', '\xa0']","['洗衣机', '空调', '衣柜', '电视', '冰箱', '热水器', '床', '暖气', '宽带', '天然气']","{'付款方式 ': '季付', '租金 ': '650', '押金 ': '650', '服务费 ': '0', '中介费 ': '需咨询'}"
30,合租·泷悦华府 5居室 南卧,1460,"['基本信息', '面积：16.30㎡', '朝向：南', '\xa0', '维护：1天前', '入住：2024-05-31', '\xa0', '楼层：20/29层', '电梯：有', '\xa0', '车位：租用车位', '用水：民水', '\xa0', '用电：民电', '燃气：有', '\xa0', '采暖：暂无数据', '租期：1年', '咨询租期 \xa0', '看房：需提前预约', '咨询看房 \xa0']","['洗衣机', '空调', '衣柜', '电视', '冰箱', '热水器', '床', '暖气', '宽带', '天然气']","{'付款方式 ': '月付', '租金 ': '1533', '押金 ': '1533', '服务费 ': '153.3', '中介费 ': '0'}"
31,整租·青翠苑小区 2室2厅 南,1300,"['基本信息', '面积：75.90㎡', '朝向：南', '\xa0', '维护：1天前', '入住：随时入住', '\xa0', '楼层：高楼层/8层', '电梯：有', '\xa0', '车位：暂无数据', '用水：民水', '\xa0', '用电：民电', '燃气：有', '\xa0', '采暖：自采暖', '租期：2年以内', '\xa0', '看房：需提前预约', '\xa0']","['洗衣机', '空调', '衣柜', '电视', '冰箱', '热水器', '床', '暖气', '宽带', '天然气']","{'付款方式 ': '季付', '租金 ': '1300', '押金 ': '1300', '服务费 ': '0', '中介费 ': '需咨询'}"
32,合租·光谷新世界汇贤邸 3居室 南卧,1290,"['基本信息', '面积：8.80㎡', '朝向：南', '\xa0', '维护：1天前', '入住：随时入住', '\xa0', '楼层：22/32层', '电梯：有', '\xa0', '车位：暂无数据', '用水：民水', '\xa0', '用电：民电', '燃气：有', '\xa0', '采暖：暂无数据', '租期：4~7个月', '咨询租期 \xa0', '看房：随时可看', '咨询看房 \xa0']","['洗衣机', '空调', '衣柜', '电视', '冰箱', '热水器', '床', '暖气', '宽带', '天然气']","{'付款方式 ': '月付', '租金 ': '1354', '押金 ': '1354', '服务费 ': '135.4', '中介费 ': '0'}"
33,整租·远洋东方镜世界观3号地 3室2厅 南,4500,"['基本信息', '面积：118.00㎡', '朝向：南', '\xa0', '维护：1天前', '入住：随时入住', '\xa0', '楼层：中楼层/56层', '电梯：有', '\xa0', '车位：暂无数据', '用水：民水', '\xa0', '用电：民电', '燃气：暂无数据', '\xa0', '采暖：暂无数据', '租期：暂无数据', '\xa0', '看房：需提前预约', '\xa0']","['洗衣机', '空调', '衣柜', '电视', '冰箱', '热水器', '床', '暖气', '宽带', '天然气']","{'付款方式 ': '季付', '租金 ': '4500', '押金 ': '4500', '服务费 ': '0', '中介费 ': '需咨询'}"
34,合租·融科天域 4居室 东卧,1090,"['基本信息', '面积：7.90㎡', '朝向：东', '\xa0', '维护：今天', '入住：随时入住', '\xa0', '楼层：2/33层', '电梯：有', '\xa0', '车位：租用车位', '用水：民水', '\xa0', '用电：民电', '燃气：有', '\xa0', '采暖：暂无数据', '租期：1~2年', '咨询租期 \xa0', '看房：随时可看', '咨询看房 \xa0']","['洗衣机', '空调', '衣柜', '电视', '冰箱', '热水器', '床', '暖气', '宽带', '天然气']","{'付款方式 ': '月付', '租金 ': '1144', '押金 ': '1144', '服务费 ': '114.4', '中介费 ': '0'}"
35,整租·佳阳翠湖里 2室2厅 南,1264,"['基本信息', '面积：75.64㎡', '朝向：南', '\xa0', '维护：4天前', '入住：随时入住', '\xa0', '楼层：低楼层/33层', '电梯：有', '\xa0', '车位：免费使用', '用水：民水', '\xa0', '用电：民电', '燃气：有', '\xa0', '采暖：自采暖', '租期：暂无数据', '\xa0', '看房：需提前预约', '\xa0']","['洗衣机', '空调', '衣柜', '电视', '冰箱', '热水器', '床', '暖气', '宽带', '天然气']","{'付款方式 ': '季付', '租金 ': '1264', '押金 ': '1264', '服务费 ': '0', '中介费 ': '需咨询'}"
36,合租·天华新村 4居室 南卧,800,"['基本信息', '面积：12.00㎡', '朝向：南', '\xa0', '维护：3天前', '入住：随时入住', '\xa0', '楼层：7/12层', '电梯：有', '\xa0', '车位：免费使用', '用水：民水', '\xa0', '用电：民电', '燃气：有', '\xa0', '采暖：集中供暖', '租期：1年', '咨询租期 \xa0', '看房：随时可看', '咨询看房 \xa0']","['洗衣机', '空调', '衣柜', '电视', '冰箱', '热水器', '床', '暖气', '宽带', '天然气']","{'付款方式 ': '季付', '租金 ': '800', '押金 ': '800', '服务费 ': '1', '中介费 ': '0'}"
37,整租·当代安普顿小镇 3室2厅 南,2800,"['基本信息', '面积：126.39㎡', '朝向：南', '\xa0', '维护：6天前', '入住：随时入住', '\xa0', '楼层：中楼层/33层', '电梯：有', '\xa0', '车位：暂无数据', '用水：民水', '\xa0', '用电：民电', '燃气：有', '\xa0', '采暖：自采暖', '租期：暂无数据', '\xa0', '看房：需提前预约', '\xa0']","['洗衣机', '空调', '衣柜', '电视', '冰箱', '热水器', '床', '暖气', '宽带', '天然气']","{'付款方式 ': '季付', '租金 ': '2800', '押金 ': '2800', '服务费 ': '0', '中介费 ': '需咨询'}"
38,合租·远洋万和四季 4居室 南卧,1130,"['基本信息', '面积：10.56㎡', '朝向：南', '\xa0', '维护：今天', '入住：随时入住', '\xa0', '楼层：3/40层', '电梯：有', '\xa0', '车位：租用车位', '用水：民水', '\xa0', '用电：民电', '燃气：有', '\xa0', '采暖：暂无数据', '租期：1~2年', '咨询租期 \xa0', '看房：随时可看', '咨询看房 \xa0']","['洗衣机', '空调', '衣柜', '电视', '冰箱', '热水器', '床', '暖气', '宽带', '天然气']","{'付款方式 ': '月付', '租金 ': '1186', '押金 ': '1186', '服务费 ': '118.6', '中介费 ': '0'}"
39,整租·和盛世家 3室2厅 南/北,3100,"['基本信息', '面积：115.98㎡', '朝向：南 北', '\xa0', '维护：3天前', '入住：随时入住', '\xa0', '楼层：低楼层/12层', '电梯：有', '\xa0', '车位：租用车位', '用水：民水', '\xa0', '用电：民电', '燃气：有', '\xa0', '采暖：自采暖', '租期：1年以内', '\xa0', '看房：需提前预约', '\xa0']","['洗衣机', '空调', '衣柜', '电视', '冰箱', '热水器', '床', '暖气', '宽带', '天然气']","{'付款方式 ': '季付', '租金 ': '3100', '押金 ': '3100', '服务费 ': '0', '中介费 ': '需咨询'}"
40,合租·毛坦港湾A区 3居室 南卧,990,"['基本信息', '面积：11.08㎡', '朝向：南', '\xa0', '维护：4天前', '入住：2024-06-08', '\xa0', '楼层：30/30层', '电梯：有', '\xa0', '车位：租用车位', '用水：民水', '\xa0', '用电：民电', '燃气：有', '\xa0', '采暖：暂无数据', '租期：1~2年', '咨询租期 \xa0', '看房：需提前预约', '咨询看房 \xa0']","['洗衣机', '空调', '衣柜', '电视', '冰箱', '热水器', '床', '暖气', '宽带', '天然气']","{'付款方式 ': '月付', '租金 ': '1039', '押金 ': '1039', '服务费 ': '103.9', '中介费 ': '0'}"
41,整租·洞庭街 2室1厅 南,1900,"['基本信息', '面积：55.00㎡', '朝向：南', '\xa0', '维护：11天前', '入住：随时入住', '\xa0', '楼层：中楼层/8层', '电梯：无', '\xa0', '车位：暂无数据', '用水：暂无数据', '\xa0', '用电：暂无数据', '燃气：暂无数据', '\xa0', '采暖：暂无数据', '租期：1年以内', '\xa0', '看房：需提前预约', '\xa0']","['洗衣机', '空调', '衣柜', '电视', '冰箱', '热水器', '床', '暖气', '宽带', '天然气']","{'付款方式 ': '季付', '租金 ': '1900', '押金 ': '1900', '服务费 ': '0', '中介费 ': '需咨询'}"
42,合租·统建天成美景 3居室 南卧,1330,"['基本信息', '面积：10.40㎡', '朝向：南', '\xa0', '维护：1天前', '入住：随时入住', '\xa0', '楼层：33/33层', '电梯：有', '\xa0', '车位：暂无数据', '用水：民水', '\xa0', '用电：民电', '燃气：有', '\xa0', '采暖：暂无数据', '租期：1~2年', '咨询租期 \xa0', '看房：随时可看', '咨询看房 \xa0']","['洗衣机', '空调', '衣柜', '电视', '冰箱', '热水器', '床', '暖气', '宽带', '天然气']","{'付款方式 ': '月付', '租金 ': '1396', '押金 ': '1396', '服务费 ': '139.6', '中介费 ': '0'}"
43,合租·东方名都 4居室 西卧,1030,"['基本信息', '面积：9.90㎡', '朝向：西', '\xa0', '维护：今天', '入住：随时入住', '\xa0', '楼层：5/26层', '电梯：有', '\xa0', '车位：租用车位', '用水：民水', '\xa0', '用电：民电', '燃气：有', '\xa0', '采暖：暂无数据', '租期：1年', '咨询租期 \xa0', '看房：随时可看', '咨询看房 \xa0']","['洗衣机', '空调', '衣柜', '电视', '冰箱', '热水器', '床', '暖气', '宽带', '天然气']","{'付款方式 ': '月付', '租金 ': '1081', '押金 ': '1081', '服务费 ': '108.1', '中介费 ': '0'}"
44,合租·金地自在城K2 4居室 南卧,1090,"['基本信息', '面积：15.00㎡', '朝向：南', '\xa0', '维护：今天', '入住：随时入住', '\xa0', '楼层：7/28层', '电梯：有', '\xa0', '车位：租用车位', '用水：民水', '\xa0', '用电：民电', '燃气：有', '\xa0', '采暖：暂无数据', '租期：7~12个月', '咨询租期 \xa0', '看房：随时可看', '咨询看房 \xa0']","['洗衣机', '空调', '衣柜', '电视', '冰箱', '热水器', '床', '暖气', '宽带', '天然气']","{'付款方式 ': '月付', '租金 ': '1144', '押金 ': '1144', '服务费 ': '114.4', '中介费 ': '0'}"
45,合租·金地天悦二期 4居室 南卧,1190,"['基本信息', '面积：10.00㎡', '朝向：南', '\xa0', '维护：今天', '入住：随时入住', '\xa0', '楼层：13/33层', '电梯：有', '\xa0', '车位：租用车位', '用水：民水', '\xa0', '用电：民电', '燃气：有', '\xa0', '采暖：暂无数据', '租期：1年', '咨询租期 \xa0', '看房：随时可看', '咨询看房 \xa0']","['洗衣机', '空调', '衣柜', '电视', '冰箱', '热水器', '床', '暖气', '宽带', '天然气']","{'付款方式 ': '月付', '租金 ': '1249', '押金 ': '1249', '服务费 ': '124.9', '中介费 ': '0'}"
46,合租·光谷澎湃城奥山府 4居室 南卧,830,"['基本信息', '面积：9.60㎡', '朝向：南', '\xa0', '维护：今天', '入住：随时入住', '\xa0', '楼层：7/22层', '电梯：有', '\xa0', '车位：暂无数据', '用水：民水', '\xa0', '用电：民电', '燃气：有', '\xa0', '采暖：暂无数据', '租期：2~4个月', '咨询租期 \xa0', '看房：随时可看', '咨询看房 \xa0']","['洗衣机', '空调', '衣柜', '电视', '冰箱', '热水器', '床', '暖气', '宽带', '天然气']","{'付款方式 ': '月付', '租金 ': '871', '押金 ': '871', '服务费 ': '87.1', '中介费 ': '0'}"
47,合租·桃花源南区 4居室 南卧,1490,"['基本信息', '面积：15.90㎡', '朝向：南', '\xa0', '维护：今天', '入住：随时入住', '\xa0', '楼层：16/26层', '电梯：有', '\xa0', '车位：租用车位', '用水：民水', '\xa0', '用电：民电', '燃气：有', '\xa0', '采暖：暂无数据', '租期：1年', '咨询租期 \xa0', '看房：随时可看', '咨询看房 \xa0']","['洗衣机', '空调', '衣柜', '电视', '冰箱', '热水器', '床', '暖气', '宽带', '天然气']","{'付款方式 ': '月付', '租金 ': '1564', '押金 ': '1564', '服务费 ': '156.4', '中介费 ': '0'}"
48,合租·027社区 3居室 北卧,990,"['基本信息', '面积：8.72㎡', '朝向：北', '\xa0', '维护：4天前', '入住：2024-05-29', '\xa0', '楼层：8/11层', '电梯：有', '\xa0', '车位：租用车位', '用水：民水', '\xa0', '用电：民电', '燃气：有', '\xa0', '采暖：暂无数据', '租期：4~7个月', '咨询租期 \xa0', '看房：需提前预约', '咨询看房 \xa0']","['洗衣机', '空调', '衣柜', '电视', '冰箱', '热水器', '床', '暖气', '宽带', '天然气']","{'付款方式 ': '月付', '租金 ': '1039', '押金 ': '1039', '服务费 ': '103.9', '中介费 ': '0'}"
